x1,x2,x3,y
22.462289875050626,0.0,0.0,411.93434812575936
16.334693169234505,1.0,2.0,106.67346584617252
24.147995636400626,2.0,2.0,58.29599127280126
18.080120517422255,0.0,4.0,253.88132569164483
20.145838697913508,0.0,6.0,502.91677395827014
18.534434734253892,0.0,0.0,353.0165210138084
21.301885066770573,2.0,1.0,52.603770133541154
18.384910765072615,2.0,1.0,46.76982153014524
21.742365711082176,0.0,2.0,267.42365711082175
14.88350656960142,0.0,5.0,298.2525985440213
20.33077753951238,0.0,6.0,506.6155507902476
19.17308928504785,2.0,5.0,72.51926785514355
16.33638937299461,0.0,0.0,320.0458405949191
12.827292637518529,0.0,3.0,178.27292637518528
26.45851415141888,2.0,2.0,62.91702830283776
18.80035280658657,0.0,3.0,238.0035280658657
23.83655199814642,0.0,5.0,432.5482799721963
21.562060601075434,0.0,1.0,265.62060601075433
21.05699387572141,0.0,1.0,260.5699387572141
20.193182373421887,0.0,6.0,503.86364746843776
25.734939871834445,0.0,4.0,338.0843385901789
19.89556446280748,0.0,6.0,497.91128925614964
17.84773458339253,0.0,4.0,251.32508041731788
20.698379795331007,0.0,2.0,256.98379795331005
16.009309577703267,0.0,5.0,315.139643665549
17.262307560157904,0.0,3.0,222.62307560157905
24.268740045299808,2.0,5.0,87.80622013589942
18.77530150039624,1.0,1.0,118.8765075019812
20.103070717733196,0.0,4.0,276.1337778950652
26.82663252791522,0.0,2.0,318.26632527915217
22.927130044009047,0.0,2.0,279.2713004400905
19.051972709856713,0.0,1.0,240.51972709856713
23.61661053612159,0.0,0.0,429.2491580418239
21.072780905004077,1.0,6.0,260.7278090500408
13.770163720768398,0.0,6.0,375.40327441536795
27.951832579275585,0.0,1.0,329.51832579275583
11.81182530002788,0.0,1.0,168.1182530002788
17.483576879621793,0.0,0.0,337.2536531943269
20.363432967049306,0.0,1.0,253.63432967049306
12.309727913700865,0.0,2.0,173.09727913700866
23.221079285153465,0.0,1.0,282.2107928515346
13.53865300957537,2.0,5.0,55.61595902872611
17.146786556836425,3.0,1.0,22.146786556836425
24.70999156487119,0.0,1.0,297.0999156487119
17.786011173943326,1.0,4.0,125.3230614566883
19.30673053543925,0.0,6.0,486.134610708785
20.3645899193134,0.0,4.0,279.01048911244743
17.11451545072861,0.0,3.0,221.14515450728612
22.05282076990483,0.0,6.0,541.0564153980965
21.389764257686416,0.0,5.0,395.8464638652962
20.06398202782057,0.0,2.0,250.6398202782057
12.301727240907084,0.0,1.0,173.01727240907084
13.390315718702789,0.0,5.0,275.85473578054183
16.489948347093605,0.0,3.0,214.89948347093605
24.939260478823844,0.0,3.0,299.39260478823843
26.58772437653556,4.0,2.0,0.0
25.22806429078296,0.0,5.0,453.4209643617444
16.446520397472685,1.0,0.0,160.84890298104514
22.607247856845085,0.0,2.0,276.07247856845083
28.737296261428824,0.0,6.0,674.7459252285764
17.337475180453584,0.0,2.0,223.37475180453583
16.602375797210247,0.0,3.0,216.02375797210246
22.49606200079656,1.0,4.0,151.2283410043811
22.302019377890034,0.0,5.0,409.53029066835046
22.927606889437467,1.0,0.0,209.45705167078103
22.798305215741497,0.0,0.0,416.9745782361224
17.33194161185193,1.0,6.0,223.3194161185193
12.805890788143923,0.0,0.0,267.08836182215884
18.616978021624014,1.0,1.0,118.08489010812008
22.692064312331496,0.0,3.0,276.92064312331496
20.754246167425443,0.0,4.0,283.2967078416799
19.105205016948524,0.0,0.0,361.5780752542279
22.213346119393865,0.0,5.0,408.2001917909079
12.18424382614701,0.0,5.0,257.7636573922052
17.100376798596322,0.0,3.0,221.00376798596324
19.796918473436165,3.0,5.0,37.19537771015425
18.967448554907303,0.0,3.0,239.67448554907304
23.58176822066112,0.0,2.0,285.8176822066112
23.075603387264284,0.0,3.0,280.75603387264283
22.543825971928136,2.0,0.0,82.63147791578442
18.08362190563922,0.0,4.0,253.91984096203143
18.921295120390244,1.0,2.0,119.60647560195122
17.118453776045747,0.0,0.0,331.77680664068623
14.994103490562857,2.0,1.0,39.988206981125714
24.61326721276191,0.0,2.0,296.1326721276191
15.9003897470208,0.0,0.0,313.50584620531197
9.448849753606972,0.0,1.0,144.4884975360697
15.918112032378183,0.0,3.0,209.18112032378184
25.071770100260885,0.0,5.0,451.07655150391327
17.332957590832567,0.0,4.0,245.66253349915826
20.69956686862412,1.0,6.0,256.9956686862412
16.322650787159496,0.0,6.0,426.4530157431899
19.083953453215198,0.0,5.0,361.25930179822797
21.61896915691007,0.0,5.0,399.284537353651
22.776702194167417,1.0,6.0,277.76702194167416
19.168707201710664,0.0,5.0,362.53060802565994
23.17477497389152,0.0,6.0,563.4954994778304
16.499044236705423,3.0,6.0,42.99808847341085
19.44430144857901,0.0,4.0,268.88731593436916
20.341215253330034,0.0,5.0,380.11822879995054
26.590592477069077,0.0,0.0,473.8588871560362
24.874393030985054,1.0,6.0,298.74393030985055
29.012719912406094,0.0,5.0,510.1907986860914
24.902703030409885,0.0,5.0,448.54054545614827
18.55522327853325,0.0,5.0,353.32834917799875
18.905451547740427,0.0,1.0,239.05451547740427
21.827947008553096,0.0,1.0,268.279470085531
14.190967358031646,0.0,4.0,211.1006409383481
23.673663686542962,0.0,0.0,430.1049552981445
25.333096120895227,2.0,4.0,66.7328114659695
20.70511232196664,0.0,6.0,514.1022464393328
30.663383357930705,0.0,6.0,713.2676671586141
21.29033790100596,0.0,0.0,394.35506851508933
19.74517840785555,0.0,0.0,371.17767611783324
19.496344268326055,0.0,0.0,367.4451640248908
18.519550221437605,0.0,2.0,235.19550221437606
16.942039483549625,0.0,1.0,219.42039483549624
19.782565525723662,0.0,4.0,272.6082207829603
17.860307004223227,0.0,3.0,228.60307004223228
21.23825536535573,2.0,1.0,52.47651073071146
15.132642351802431,0.0,6.0,402.6528470360486
25.642354448676045,0.0,4.0,337.0658989354365
16.610741468718253,0.0,4.0,237.7181561559008
17.612948376222008,1.0,5.0,169.59711282166506
23.995670974942314,1.0,5.0,217.46753231206733
14.318391704256259,2.0,1.0,38.63678340851252
21.43949225600522,0.0,1.0,264.39492256005224
18.70321221043038,1.0,0.0,177.77409157822785
19.07127187374175,0.0,6.0,481.425437474835
22.48850638578873,0.0,2.0,274.8850638578873
19.529558166068888,0.0,6.0,490.59116332137773
17.518064081886706,1.0,1.0,112.59032040943353
19.17377867308555,1.0,4.0,132.95578270197055
24.88298187491382,0.0,1.0,298.8298187491382
16.112259197642818,0.0,3.0,211.12259197642817
14.895414699075541,0.0,5.0,298.43122048613316
14.837330697658148,0.0,3.0,198.3733069765815
21.760616128515153,0.0,5.0,401.4092419277273
20.12221487075442,0.0,6.0,502.4442974150884
16.3511580508817,1.0,1.0,106.75579025440851
19.985697553316967,0.0,5.0,374.7854632997545
29.07150610709396,2.0,3.0,68.14301221418792
18.19295502076801,0.0,5.0,347.89432531152016
18.351263116126447,1.0,5.0,175.13447337094834
28.34287489884965,0.0,5.0,500.1431234827448
15.938492495405196,0.0,6.0,418.76984990810394
23.939506643987134,0.0,0.0,434.09259965980704
27.432100347420203,0.0,4.0,356.7531038216223
16.83731396840762,0.0,6.0,436.7462793681524
26.10894650324057,0.0,3.0,311.0894650324057
15.803388645555758,0.0,5.0,312.05082968333636
14.17477887948686,0.0,5.0,287.6216831923029
25.298942052837184,0.0,1.0,302.98942052837185
22.397455767970293,0.0,3.0,273.9745576797029
21.25377602601446,2.0,1.0,52.50755205202893
20.594644698917534,0.0,6.0,511.8928939783507
25.28423888137565,2.0,5.0,90.85271664412696
25.951007214841308,1.0,3.0,154.75503607420654
21.410363945978123,0.0,5.0,396.15545918967183
19.876963089155925,0.0,1.0,248.76963089155925
11.4722081315331,1.0,1.0,82.3610406576655
9.503257430512543,1.0,5.0,108.77443072884407
21.670408462572112,1.0,6.0,266.7040846257211
19.43286609783047,0.0,0.0,366.49299146745705
19.648180561472202,1.0,3.0,123.24090280736101
23.64999905086406,0.0,1.0,286.4999905086406
27.40581588295888,0.0,1.0,324.0581588295888
20.887433460532822,3.0,5.0,38.831150190799235
14.480898482637592,0.0,3.0,194.80898482637593
23.40055663315018,0.0,6.0,568.0111326630037
17.154424422742764,0.0,1.0,221.54424422742764
18.908620719187446,0.0,0.0,358.6293107878117
22.349863606365712,0.0,1.0,273.49863606365716
18.19178509576658,0.0,6.0,463.8357019153316
14.121060897540904,3.0,0.0,28.681591346311357
21.40010724192119,3.0,5.0,39.60016086288179
14.52640215187742,0.0,1.0,195.2640215187742
18.076668202072696,0.0,5.0,346.1500230310904
22.569022160330707,0.0,5.0,413.5353324049606
19.033711522714224,0.0,5.0,360.5056728407134
21.123744385539286,2.0,6.0,104.49497754215713
20.345717751615943,1.0,1.0,126.72858875807972
13.631679998196773,0.0,6.0,372.63359996393547
15.335510902987151,0.0,1.0,203.3551090298715
19.094306673080446,0.0,5.0,361.41460009620664
20.22650547411732,0.0,0.0,378.3975821117598
15.782402119889388,0.0,2.0,207.8240211988939
19.918772019471877,0.0,5.0,373.78158029207816
14.56929125778941,0.0,1.0,195.6929125778941
14.715376015977483,0.0,3.0,197.15376015977483
17.133781388832222,0.0,5.0,332.0067208324833
15.223870437870719,1.0,3.0,101.11935218935359
17.58095018745673,0.0,5.0,338.7142528118509
20.648442030144768,0.0,3.0,256.4844203014477
22.28097488462096,3.0,2.0,27.28097488462096
23.510524992287653,0.0,1.0,285.1052499228765
23.246480621751292,2.0,3.0,56.49296124350258
18.960140720236463,0.0,0.0,359.402110803547
13.872139733808606,0.0,5.0,283.0820960071291
21.54061748093369,0.0,0.0,398.10926221400535
15.963694579329463,0.0,3.0,209.63694579329461
11.857489275521912,1.0,2.0,84.28744637760957
22.151898821121286,0.0,3.0,271.51898821121284
20.027665433882806,1.0,4.0,137.65215988635543
26.175384899468927,0.0,5.0,467.63077349203394
14.041463177532695,0.0,6.0,380.8292635506539
24.780949084374377,0.0,0.0,446.7142362656157
16.419415611998637,0.0,5.0,321.29123417997954
24.077669066454348,0.0,0.0,436.1650359968152
14.637719195975508,0.0,1.0,196.3771919597551
21.29779109990111,1.0,1.0,131.48895549950555
18.12494865495924,0.0,0.0,346.87422982438864
24.759625778506418,2.0,5.0,89.27887733551925
17.673982285435265,0.0,4.0,249.41380513978797
17.27233624768273,0.0,6.0,445.4467249536546
21.679864322512252,1.0,1.0,133.39932161256127
26.17930672516554,0.0,5.0,467.68960087748303
16.303595140325815,0.0,0.0,319.5539271048872
20.24745507841504,1.0,2.0,126.2372753920752
20.98081063683689,0.0,2.0,259.8081063683689
16.324727549844283,0.0,6.0,426.49455099688566
14.250776847725525,1.0,0.0,144.38082635794143
12.838498355860002,2.0,1.0,35.67699671172001
23.842558576714755,0.0,2.0,288.42558576714754
19.9823051325624,0.0,3.0,249.823051325624
19.34573938920519,0.0,6.0,486.9147877841038
20.037898780758084,0.0,1.0,250.37898780758084
26.07881551450168,2.0,5.0,93.23644654350504
22.648094407145493,0.0,1.0,276.4809440714549
16.483177503912582,1.0,0.0,161.12383127934436
18.03836000577726,3.0,4.0,25.342196006354992
19.392861218393445,0.0,0.0,365.8929182759017
14.916859466739549,1.0,6.0,199.1685946673955
17.396338432276508,2.0,5.0,67.18901529682952
18.34226648541681,3.0,1.0,23.342266485416815
20.463526597716008,0.0,1.0,254.6352659771601
13.44980788441388,0.0,1.0,184.4980788441388
21.301284348113022,2.0,5.0,78.90385304433907
12.414357411609966,0.0,3.0,174.14357411609967
24.009040223351647,0.0,0.0,435.13560335027466
22.823668231054533,0.0,3.0,278.23668231054535
14.374665294478298,0.0,1.0,193.74665294478297
20.161909542932047,0.0,1.0,251.61909542932048
21.58795997630393,0.0,2.0,265.8795997630393
18.030354295013673,1.0,2.0,115.15177147506836
28.1796195798666,0.0,1.0,331.796195798666
21.405955797139807,0.0,6.0,528.1191159427962
21.26169112855904,0.0,3.0,262.6169112855904
21.342151228971616,0.0,0.0,395.1322684345742
28.74443231105434,1.0,2.0,168.7221615552717
25.312889222205825,1.0,1.0,151.56444611102913
25.136910945165944,0.0,2.0,301.3691094516594
21.924190638820626,1.0,3.0,134.62095319410312
26.517841232088024,2.0,0.0,94.55352369626408
22.663340381252667,0.0,6.0,553.2668076250534
23.0266012963316,0.0,0.0,420.399019444974
18.389127083877504,0.0,2.0,233.89127083877503
20.770548342104096,0.0,1.0,257.705483421041
19.84343106943383,1.0,2.0,124.21715534716915
18.280546053734867,0.0,1.0,232.80546053734867
18.680103461489896,0.0,5.0,355.2015519223484
24.800087364121083,1.0,6.0,298.00087364121083
20.979122162602668,0.0,6.0,519.5824432520533
23.827488750158555,0.0,1.0,288.27488750158557
19.962578113634777,0.0,6.0,499.25156227269554
30.297216183431523,0.0,1.0,352.9721618343152
18.583090313791807,0.0,2.0,235.83090313791809
16.235598420084806,1.0,1.0,106.17799210042404
22.70205908526612,0.0,6.0,554.0411817053224
20.956581028841143,0.0,6.0,519.1316205768228
26.060600087167252,0.0,1.0,310.6060008716725
15.654981195351372,0.0,3.0,206.5498119535137
22.87760987230377,0.0,4.0,306.6537085953414
19.418227072153144,1.0,3.0,122.09113536076572
22.926943760426138,0.0,0.0,418.9041564063921
27.857134544749748,0.0,4.0,361.4284799922473
19.20846737572336,0.0,2.0,242.0846737572336
22.154345697886797,0.0,4.0,298.6978026767548
21.581052758768084,0.0,6.0,531.6210551753617
21.27253549936074,0.0,1.0,262.7253549936074
23.708108319586287,1.0,4.0,157.8945957577246
31.80917788782457,0.0,5.0,552.1376683173685
22.14409371003475,0.0,5.0,407.1614056505212
21.427947896882298,0.0,4.0,290.7074268657053
23.98255363616079,0.0,3.0,289.8255363616079
19.75774753745498,2.0,6.0,99.03099014981991
21.882419285992516,0.0,5.0,403.2362892898877
12.680314927467904,0.0,2.0,176.80314927467904
21.424361731496266,1.0,6.0,264.24361731496265
20.836268351301673,0.0,2.0,258.3626835130167
22.56486524459943,0.0,6.0,551.2973048919887
22.02853006502255,0.0,3.0,270.2853006502255
28.601508048581344,0.0,6.0,672.0301609716269
13.199669470560536,0.0,3.0,181.99669470560536
12.895715647475916,0.0,5.0,268.43573471213875
19.170631147541616,0.0,3.0,241.70631147541616
16.26233485918391,0.0,1.0,212.6233485918391
19.28534763839751,0.0,1.0,242.8534763839751
18.762338816905196,1.0,6.0,237.62338816905196
20.93890162747769,3.0,3.0,25.93890162747769
13.779071550731748,0.0,3.0,187.7907155073175
22.401224071931892,0.0,3.0,274.0122407193189
24.192805529349798,4.0,2.0,0.0
19.333982669363696,1.0,2.0,121.66991334681848
18.969262418410963,0.0,0.0,359.53893627616446
21.180127152126722,0.0,2.0,261.8012715212672
18.425103291228563,2.0,2.0,46.85020658245713
24.368308552261098,0.0,1.0,293.683085522611
18.07818192509425,0.0,1.0,230.78181925094248
11.41053959851091,0.0,5.0,246.15809397766367
15.145570060159073,0.0,2.0,201.45570060159073
22.573853313318516,0.0,4.0,303.3123864465037
27.476854735776897,0.0,6.0,649.5370947155379
24.843360714283605,4.0,5.0,0.0
22.556997275704724,0.0,2.0,275.56997275704725
21.51606857279664,0.0,5.0,397.74102859194966
18.62981445615927,0.0,6.0,472.5962891231854
23.617003185345318,0.0,0.0,429.2550477801798
31.35450893966101,1.0,1.0,181.77254469830504
15.983663444410965,1.0,3.0,104.91831722205482
20.974201904658223,0.0,3.0,259.74201904658224
20.89417942427737,2.0,3.0,51.78835884855474
17.707903070443976,0.0,2.0,227.07903070443976
21.847137185588974,0.0,0.0,402.7070577838346
14.345445189744575,1.0,4.0,106.39994854359517
14.837667364292674,4.0,4.0,0.0
17.844989914455493,1.0,1.0,114.22494957227747
22.188057813627573,1.0,1.0,135.94028906813787
18.916098795836437,0.0,3.0,239.16098795836436
17.952450229184286,1.0,1.0,114.76225114592143
21.632108141288537,1.0,3.0,133.1605407064427
16.337997439545116,0.0,4.0,234.71797183499632
25.167314532490956,0.0,5.0,452.50971798736435
17.838259214469574,0.0,1.0,228.38259214469574
19.5480331785752,0.0,6.0,490.96066357150397
17.732074268167683,1.0,1.0,113.66037134083841
18.99889434380157,0.0,2.0,239.9889434380157
22.3725014657189,0.0,4.0,301.09751612290796
25.717651653461388,0.0,1.0,307.1765165346139
15.725987058038848,0.0,3.0,207.25987058038848
23.296847223995357,0.0,1.0,282.9684722399536
16.078275764691696,0.0,2.0,210.78275764691696
21.325426833897357,3.0,2.0,26.32542683389736
17.76648638457896,0.0,1.0,227.66486384578963
17.92370032501735,0.0,2.0,229.2370032501735
19.523525184145623,0.0,4.0,269.7587770256019
18.655169117296253,0.0,4.0,260.2068602902588
20.021135325307895,0.0,4.0,275.2324885783869
18.2557457830053,0.0,0.0,348.8361867450795
25.75504848172324,0.0,5.0,461.3257272258486
27.387345276160257,0.0,2.0,323.87345276160255
26.548834865122814,0.0,3.0,315.48834865122814
28.278558712061773,0.0,0.0,499.1783806809266
17.8024024918747,0.0,0.0,342.0360373781205
15.477854498709505,0.0,6.0,409.5570899741901
19.741223706436937,0.0,5.0,371.11835559655407
21.41739013021592,0.0,0.0,396.2608519532388
12.606032310767572,0.0,0.0,264.09048466151364
19.181167435909106,0.0,3.0,241.81167435909106
13.798566631708965,0.0,3.0,187.98566631708965
20.869028166250622,1.0,0.0,194.01771124687966
23.90890812121406,1.0,6.0,289.0890812121406
19.285860227356515,0.0,1.0,242.85860227356517
15.84532159894075,0.0,3.0,208.4532159894075
17.773140541565496,0.0,6.0,455.4628108313099
18.441194515390738,0.0,5.0,351.61791773086105
20.72133799932143,3.0,6.0,51.44267599864286
24.799513063140125,2.0,2.0,59.59902612628025
22.563400771136642,0.0,5.0,413.4510115670496
17.091931382507898,0.0,3.0,220.91931382507897
21.874541142608308,0.0,3.0,268.7454114260831
16.87021055674146,0.0,6.0,437.40421113482915
13.615085653427702,0.0,6.0,372.301713068554
18.053633217238204,1.0,4.0,126.79498269481013
25.138896339152588,0.0,5.0,452.0834450872888
24.504933307987727,2.0,5.0,88.51479992396318
19.17638766605168,2.0,3.0,48.35277533210336
20.521784161798386,0.0,1.0,255.21784161798388
16.050912552937763,0.0,5.0,315.76368829406647
20.820214089117528,0.0,3.0,258.2021408911753
32.17547411943249,0.0,1.0,371.7547411943249
16.55822110873738,1.0,5.0,161.68665831553037
18.68669659476773,0.0,1.0,236.86696594767733
14.62119191310282,1.0,3.0,98.1059595655141
18.990503538890408,0.0,1.0,239.90503538890408
25.026318745880683,0.0,4.0,330.28950620468754
26.0354716351552,0.0,3.0,310.354716351552
10.55149609602447,0.0,5.0,233.27244144036706
20.018716714795666,0.0,4.0,275.20588386275233
17.620371585308412,0.0,3.0,226.20371585308413
18.91164857755045,0.0,5.0,358.67472866325676
26.335315836373706,0.0,0.0,470.0297375456056
14.624980413779568,1.0,0.0,147.18735310334677
21.274607460609342,1.0,2.0,131.37303730304671
20.60962598823404,0.0,6.0,512.1925197646808
20.08175850245779,0.0,6.0,501.6351700491558
18.84586496177991,1.0,5.0,178.84398721334932
19.41392816346092,0.0,2.0,244.1392816346092
10.984092297078318,2.0,0.0,47.95227689123496
20.729932125139694,1.0,6.0,257.2993212513969
15.083350568731099,0.0,1.0,200.833505687311
26.565931765830953,0.0,4.0,347.2252494241405
15.25753914783325,0.0,5.0,303.8630872174988
22.075068005662935,1.0,2.0,135.37534002831467
18.00191601471802,1.0,0.0,172.51437011038516
20.58434685782801,0.0,0.0,383.76520286742016
22.117373183057573,0.0,5.0,406.7605977458636
30.368622235358064,0.0,1.0,353.68622235358066
22.412796627134878,4.0,3.0,0.0
21.633660342642997,0.0,0.0,399.50490513964496
19.211897590844572,0.0,4.0,266.3308734992903
22.336144328761286,0.0,4.0,300.69758761637416
21.061639613670092,0.0,1.0,260.6163961367009
20.094469169386656,0.0,1.0,250.94469169386656
15.86719559983754,1.0,5.0,156.50396699878155
18.27880274838224,0.0,3.0,232.78802748382242
18.42164718244324,0.0,6.0,468.4329436488648
13.811308091266657,4.0,2.0,0.0
18.454904737795182,0.0,3.0,234.5490473779518
21.386663882377064,0.0,2.0,263.86663882377064
19.808852427623368,0.0,2.0,248.08852427623367
25.66999172299343,2.0,5.0,92.00997516898029
22.957137321669453,0.0,4.0,307.52851053836395
16.358537025231403,0.0,4.0,234.94390727754543
21.059164503414262,1.0,6.0,260.59164503414263
20.360252279685167,0.0,5.0,380.4037841952775
25.387507079585056,0.0,3.0,303.87507079585055
18.493499998057935,0.0,3.0,234.93499998057933
18.60733419760398,1.0,5.0,177.05500648202985
18.57720828367334,0.0,0.0,353.6581242551001
16.6128319620743,0.0,1.0,216.12831962074299
12.913007402556435,3.0,1.0,17.913007402556435
22.157321918403355,1.0,5.0,203.67991438802514
26.961237860867218,3.0,1.0,31.96123786086722
26.902667825046972,2.0,3.0,63.80533565009395
26.775851382496224,0.0,1.0,317.7585138249622
21.312288052196358,1.0,0.0,197.34216039147267
23.845904845050246,2.0,0.0,86.53771453515074
17.158876715992452,1.0,6.0,221.58876715992452
18.347102050658734,0.0,5.0,350.206530759881
15.974547915812053,4.0,3.0,0.0
16.71575573059342,0.0,4.0,238.8733130365276
22.89854206665,2.0,0.0,83.69562619995
19.505396757430766,0.0,5.0,367.5809513614615
13.587556751464946,0.0,6.0,371.75113502929895
20.660671648820074,0.0,6.0,513.2134329764015
17.868743651714315,0.0,0.0,343.0311547757147
13.603291636455307,0.0,2.0,186.03291636455307
10.353175860073554,0.0,4.0,168.88493446080912
14.532316019015962,0.0,6.0,390.64632038031925
13.678558638243565,0.0,1.0,186.78558638243567
19.611033767124006,3.0,4.0,27.072137143836414
21.10925542179359,0.0,3.0,261.0925542179359
17.89238366774386,0.0,4.0,251.81622034518247
20.54096793025665,0.0,2.0,255.40967930256647
13.346672157160967,0.0,0.0,275.2000823574145
19.565007482476783,0.0,4.0,270.21508230724464
22.325082380233507,1.0,4.0,150.2879530912843
19.257016395420194,0.0,5.0,363.85524593130293
22.58094995935713,1.0,1.0,137.90474979678567
28.33477336736398,0.0,1.0,333.3477336736398
19.40705985244275,0.0,4.0,268.4776583768703
22.84424551090331,0.0,2.0,278.44245510903306
16.23671933513498,0.0,1.0,212.36719335134978
21.657270627084166,3.0,4.0,29.322997689792587
12.278465274692365,0.0,3.0,172.78465274692365
20.32366876418768,2.0,0.0,75.97100629256305
15.249232457541638,0.0,0.0,303.73848686312454
19.337590391546208,0.0,2.0,243.37590391546206
19.3502285678075,1.0,2.0,121.7511428390375
12.832475855896869,3.0,6.0,35.66495171179374
12.78978685478091,1.0,0.0,133.42340141085683
31.214264484127263,0.0,1.0,362.1426448412726
18.33388445990363,0.0,6.0,466.6776891980726
21.18796777854222,0.0,6.0,523.7593555708444
14.786238768509271,4.0,4.0,0.0
17.41373393270407,2.0,6.0,89.65493573081629
21.572198558157936,0.0,1.0,265.72198558157936
18.711975223297987,0.0,0.0,355.6796283494698
14.17439624911848,0.0,1.0,191.7439624911848
20.25635172085388,0.0,2.0,252.56351720853877
15.548060366076045,1.0,2.0,102.74030183038023
18.901184595178666,0.0,1.0,239.01184595178665
15.220512873473147,1.0,5.0,151.65384655104862
18.953978577875432,0.0,5.0,359.3096786681315
16.874312129179458,0.0,4.0,240.61743342097407
24.10284144864072,0.0,0.0,436.5426217296108
19.728533058656733,0.0,1.0,247.28533058656734
20.776236920914794,0.0,2.0,257.76236920914795
23.996584946865894,1.0,0.0,217.4743871014942
18.120194564101556,1.0,4.0,127.16107010255857
25.7055208232102,0.0,0.0,460.582812348153
16.959279424008248,0.0,0.0,329.38919136012373
19.39281694954025,0.0,6.0,487.856338990805
24.366390081002155,1.0,0.0,220.24792560751618
26.214259914866496,0.0,4.0,343.3568590635315
21.12990776228736,0.0,6.0,522.5981552457472
18.882684461347615,0.0,3.0,238.82684461347617
18.508245942393167,0.0,2.0,235.08245942393165
23.217068454496076,3.0,1.0,28.217068454496076
18.760358422437417,0.0,0.0,356.4053763365613
22.53480916962716,0.0,0.0,413.02213754440737
17.593387851166923,0.0,6.0,451.86775702333847
17.257376021317377,0.0,0.0,333.8606403197607
26.522973293637914,2.0,5.0,94.56891988091375
14.894221055946627,4.0,0.0,0.0
16.9934625540653,0.0,2.0,219.934625540653
21.82193330881396,0.0,5.0,402.3289996322094
18.272445383836388,0.0,1.0,232.72445383836387
16.839651334972903,0.0,6.0,436.79302669945804
20.481162469730037,0.0,4.0,280.29278716703044
17.734215746975067,0.0,3.0,227.34215746975067
18.851878012606864,3.0,3.0,23.851878012606864
19.36420853125479,0.0,6.0,487.2841706250958
23.676780489372845,0.0,3.0,286.76780489372845
21.690641158050408,0.0,0.0,400.35961737075615
21.34691011947723,3.0,1.0,26.34691011947723
23.67144830632051,0.0,6.0,573.4289661264102
20.97758056258608,3.0,6.0,51.95516112517217
16.169190037269935,0.0,4.0,232.8610904099693
16.40635603132544,0.0,0.0,321.09534046988165
20.534211803840698,0.0,3.0,255.34211803840697
20.646924791434852,0.0,5.0,384.70387187152284
19.87435387937516,0.0,1.0,248.7435387937516
17.186322080994433,0.0,2.0,221.86322080994432
23.216750672492157,1.0,6.0,282.16750672492157
17.607766238891262,0.0,1.0,226.07766238891261
15.008180531646921,2.0,6.0,80.0327221265877
20.501341055818997,0.0,4.0,280.514751614009
18.227935761327778,0.0,1.0,232.2793576132778
21.388065583077392,0.0,4.0,290.2687214138513
16.45325378227266,3.0,2.0,21.453253782272665
18.54448847649438,0.0,0.0,353.1673271474157
20.349267068495422,0.0,4.0,278.84193775344966
15.891415345654107,0.0,5.0,313.3712301848116
24.0935465214406,0.0,3.0,290.935465214406
20.857983016304683,1.0,2.0,129.28991508152342
18.857937411725985,0.0,3.0,238.57937411725985
15.536101023871966,2.0,5.0,61.60830307161591
23.88146615932188,2.0,2.0,57.76293231864377
18.864432435065606,0.0,6.0,477.2886487013121
18.867335104674574,0.0,4.0,262.5406861514203
14.616952884212306,0.0,1.0,196.16952884212307
24.421374695674757,0.0,4.0,323.63512165242236
15.282566085678472,0.0,2.0,202.8256608567847
18.526350140062345,2.0,2.0,47.0527002801247
17.25403641488277,0.0,6.0,445.08072829765536
19.9374963592228,0.0,4.0,274.31245995145076
16.71869920790913,0.0,4.0,238.90569128700042
18.78198576570712,0.0,0.0,356.7297864856068
18.03339489720877,0.0,6.0,460.66789794417537
20.902664144288057,0.0,0.0,388.5399621643208
21.436127047088608,2.0,3.0,52.87225409417722
15.839283107940503,0.0,3.0,208.39283107940503
20.360236151173286,4.0,3.0,0.0
17.859077784303434,3.0,1.0,22.859077784303437
15.074094951543463,0.0,6.0,401.4818990308693
22.49046015122361,2.0,5.0,82.47138045367083
15.16510934317506,0.0,0.0,302.47664014762586
21.153530278027496,2.0,0.0,78.4605908340825
20.169940531345667,1.0,6.0,251.69940531345668
21.10968838376736,0.0,4.0,287.206572221441
22.470155686499705,0.0,1.0,274.7015568649971
12.845319063258565,0.0,4.0,196.29850969584422
16.996740643013126,2.0,2.0,43.99348128602625
22.66735673811381,0.0,1.0,276.6735673811381
16.404920629352716,0.0,2.0,214.04920629352716
19.815912985498073,0.0,0.0,372.2386947824711
27.311713590887493,2.0,5.0,96.93514077266249
24.54768113342279,0.0,5.0,443.2152170013418
13.353529613261927,0.0,4.0,201.8888257458812
22.419177409598422,0.0,5.0,411.2876611439763
18.31237448767731,4.0,2.0,0.0
27.501497833435444,0.0,2.0,325.01497833435445
15.559262444679804,0.0,2.0,205.59262444679806
23.617588226122468,0.0,6.0,572.3517645224493
22.053743845093834,0.0,0.0,405.8061576764075
20.856640467429813,0.0,1.0,258.56640467429816
18.541209490572527,2.0,2.0,47.082418981145054
11.745792322308024,1.0,3.0,83.72896161154011
26.862311127037465,0.0,0.0,477.9346669055619
24.815569329552467,0.0,0.0,447.233539943287
21.755798601322823,0.0,4.0,294.3137846145511
18.699774095431017,0.0,6.0,473.9954819086204
19.416377599674046,0.0,2.0,244.16377599674047
18.663168699900954,0.0,4.0,260.2948556989105
27.16985006587529,0.0,6.0,643.3970013175058
22.805211686552816,2.0,1.0,55.61042337310563
19.186535343740015,0.0,0.0,362.79803015610025
21.92835573280845,0.0,4.0,296.211913060893
16.525729137843697,0.0,1.0,215.25729137843697
20.6723705243811,3.0,0.0,38.508555786571655
21.720646204823417,4.0,0.0,0.0
19.83576613872665,3.0,5.0,37.25364920808998
18.573942527692164,0.0,5.0,353.60913791538246
14.346479947069255,0.0,5.0,290.1971992060388
23.895829141770285,1.0,6.0,288.95829141770287
15.885320532789274,0.0,6.0,417.7064106557855
20.942813556787446,1.0,2.0,129.71406778393722
25.848167271823055,1.0,4.0,169.6649199950268
18.81363201424114,0.0,5.0,357.2044802136171
22.793651388875723,1.0,3.0,138.96825694437862
13.661467449686164,0.0,3.0,186.61467449686165
22.549457289955672,0.0,2.0,275.4945728995567
24.325296216133992,0.0,5.0,439.8794432420099
17.719784565088748,0.0,2.0,227.19784565088747
18.80914203987718,0.0,5.0,357.1371305981577
13.863802710910885,1.0,4.0,103.75091491000988
22.161321086770016,1.0,6.0,271.61321086770016
20.79244663125029,0.0,1.0,257.9244663125029
21.741868439774578,0.0,6.0,534.8373687954916
21.0351059215881,2.0,2.0,52.07021184317621
19.085244824547708,0.0,2.0,240.8524482454771
19.739766226024905,0.0,6.0,494.79532452049807
17.829913139437636,2.0,2.0,45.65982627887527
15.754308023555323,0.0,1.0,207.54308023555322
14.91006313151572,0.0,0.0,298.6509469727358
18.68131598989924,0.0,3.0,236.8131598989924
21.663129333294908,1.0,5.0,199.97346999971182
27.035061127612913,0.0,4.0,352.3856724037421
17.991085470103474,1.0,1.0,114.95542735051737
26.29032436717319,0.0,5.0,469.3548655075979
21.610078270701724,3.0,6.0,53.22015654140345
23.423314337564953,0.0,3.0,284.23314337564955
20.926927098196686,0.0,3.0,259.2692709819669
15.769957051778793,0.0,4.0,228.46952756956674
20.60345220810143,0.0,2.0,256.0345220810143
25.981624527705602,3.0,3.0,30.981624527705602
20.84303486851323,0.0,5.0,387.64552302769846
20.41629324836304,0.0,2.0,254.1629324836304
20.609227061432097,2.0,3.0,51.218454122864195
20.970060747158676,1.0,0.0,194.77545560369006
29.492951776664345,1.0,2.0,172.46475888332174
18.988925335622408,0.0,6.0,479.7785067124482
16.399299850985166,0.0,1.0,213.99299850985165
20.621566322342574,0.0,0.0,384.3234948351386
16.93158445766738,0.0,4.0,241.24742903434122
19.700202520564574,0.0,4.0,271.7022277262103
29.038162801430694,0.0,3.0,340.38162801430695
25.53249461742577,1.0,2.0,152.66247308712883
18.807344735160175,0.0,5.0,357.1101710274026
17.129986008424638,0.0,1.0,221.29986008424638
19.28842994520022,1.0,5.0,182.16322458900166
23.122758036535014,1.0,5.0,210.9206852740126
16.851480316714337,0.0,1.0,218.51480316714338
26.851928692553784,0.0,0.0,477.7789303883067
15.867030790840927,0.0,5.0,313.00546186261386
24.638194068741612,0.0,4.0,326.02013475615774
19.823390761059844,0.0,5.0,372.35086141589767
21.67837729732245,0.0,6.0,533.567545946449
13.187241214990316,2.0,0.0,54.56172364497095
17.761809983756066,1.0,0.0,170.7135748781705
20.979177012151084,0.0,5.0,389.6876551822662
27.568880415378704,2.0,6.0,130.27552166151483
16.900488512100154,1.0,6.0,219.00488512100154
24.484195907253042,0.0,3.0,294.8419590725304
22.19971812324226,0.0,5.0,407.99577184863386
20.95620247648359,0.0,5.0,389.3430371472538
23.775767788664393,2.0,3.0,57.55153557732879
14.701308140301947,0.0,3.0,197.01308140301947
24.74971174631103,0.0,5.0,446.2456761946654
16.435887207051632,0.0,2.0,214.35887207051633
16.04039245626777,3.0,3.0,21.04039245626777
19.948049408281758,1.0,0.0,187.1103705621132
14.547514642480248,1.0,1.0,97.73757321240124
26.948997012275683,1.0,0.0,239.61747759206764
21.99270311089943,0.0,0.0,404.8905466634915
28.33866101994321,3.0,0.0,50.00799152991482
19.023438827872905,0.0,2.0,240.23438827872906
22.195904133414682,3.0,2.0,27.195904133414686
20.451558777013645,0.0,5.0,381.7733816552047
18.128336085200065,0.0,6.0,462.5667217040013
21.61270373334649,0.0,2.0,266.1270373334649
21.27822067520528,0.0,4.0,289.0604274272581
22.52276269798608,0.0,2.0,275.2276269798608
29.93365090839295,0.0,5.0,524.0047636258943
24.510624965845455,2.0,5.0,88.53187489753637
20.125931169207487,3.0,6.0,50.25186233841498
21.367111535538815,4.0,0.0,0.0
21.70165877150782,3.0,5.0,40.052488157261735
17.429805931505875,3.0,3.0,22.42980593150588
14.120922704832626,0.0,4.0,210.3301497531589
21.086454604776648,0.0,5.0,391.2968190716497
17.85112119650001,0.0,4.0,251.36233316150012
22.223092701143084,0.0,3.0,272.2309270114308
15.149140524237268,0.0,3.0,201.49140524237268
14.261058344693268,0.0,6.0,385.22116689386536
13.85816369800705,0.0,2.0,188.5816369800705
19.25245105384879,0.0,6.0,485.0490210769758
18.560176884438807,2.0,2.0,47.120353768877614
20.735881097265356,0.0,4.0,283.09469206991895
18.030754205147037,0.0,4.0,253.3382962566174
16.36396886983073,1.0,3.0,106.81984434915366
24.366493209439014,1.0,5.0,220.24869907079258
12.4739947791128,0.0,2.0,174.739947791128
19.870698048667396,0.0,3.0,248.70698048667396
15.487259979558385,0.0,5.0,307.3088996933758
19.848347501857134,0.0,6.0,496.9669500371427
18.716147207762543,0.0,5.0,355.7422081164382
16.872038482305612,1.0,6.0,218.72038482305612
21.352929367467894,0.0,1.0,263.5292936746789
20.891785315853895,0.0,1.0,258.91785315853895
19.540533861001133,0.0,3.0,245.40533861001134
16.778011651131397,0.0,5.0,326.67017476697094
10.703811247704335,0.0,5.0,235.557168715565
21.001045781485576,0.0,4.0,286.0115035963413
15.101382143403033,2.0,1.0,40.202764286806065
20.617345561394547,3.0,4.0,28.179080117534003
25.18245216541324,1.0,1.0,150.91226082706618
18.673286618419986,0.0,4.0,260.40615280261983
19.004618236147145,0.0,5.0,360.06927354220716
13.818707090678684,0.0,4.0,207.00577799746551
20.316723955225815,0.0,3.0,253.16723955225814
25.078638734242823,0.0,4.0,330.8650260766711
24.871008212756795,0.0,5.0,448.0651231913519
24.374223312333683,1.0,5.0,220.30667484250264
15.845256526031884,3.0,2.0,20.845256526031886
18.38902969573475,1.0,5.0,175.41772271801062
27.81547125720725,0.0,2.0,328.1547125720725
29.221267316035906,0.0,4.0,376.433940476395
14.273630590729976,0.0,5.0,289.10445886094965
18.54333384875718,0.0,6.0,470.8666769751436
19.28896460987076,3.0,2.0,24.28896460987076
25.73065402201655,3.0,5.0,46.09598103302483
24.967023859516885,1.0,6.0,299.6702385951688
20.060453609926682,0.0,5.0,375.9068041489002
24.191509506929027,0.0,3.0,291.91509506929026
18.564094726603024,2.0,1.0,47.128189453206055
20.25633233414629,0.0,1.0,252.5633233414629
23.756490292298807,0.0,1.0,287.56490292298804
18.293465057054394,2.0,6.0,93.17386022821758
20.159469896772165,0.0,0.0,377.39204845158247
20.061205893204583,1.0,3.0,125.30602946602292
21.954140543563696,0.0,1.0,269.541405435637
16.173011440819284,1.0,3.0,105.86505720409642
17.517242772550997,0.0,4.0,247.689670498061
16.609674165540206,1.0,1.0,108.04837082770104
21.321430492166428,1.0,6.0,263.2143049216643
19.31359887949266,0.0,5.0,364.7039831923899
23.909382956445256,0.0,1.0,289.09382956445256
11.686614221787407,0.0,3.0,166.86614221787408
20.391787665266104,4.0,0.0,0.0
7.794816363228666,3.0,5.0,19.192224544843
19.164121834418413,2.0,0.0,72.49236550325524
19.74981406615912,0.0,5.0,371.24721099238684
24.039975740637324,0.0,6.0,580.7995148127465
23.748644766541922,1.0,4.0,158.11754621598058
27.038072812766423,0.0,1.0,320.3807281276642
23.449605723623865,0.0,4.0,312.94566295986255
20.303320381125932,0.0,0.0,379.54980571688895
11.225422472851927,0.0,1.0,162.25422472851926
22.063819128893876,1.0,2.0,135.31909564446937
22.961549276920596,0.0,6.0,559.2309855384119
18.262035700057496,0.0,0.0,348.93053550086245
18.13196268885555,1.0,2.0,115.65981344427775
17.577250545751372,0.0,5.0,338.6587581862706
19.950244214776735,0.0,3.0,249.50244214776734
21.61043964743266,0.0,0.0,399.15659471148984
24.4208933544229,3.0,2.0,29.4208933544229
29.17538158604927,0.0,3.0,341.7538158604927
18.734408733259716,1.0,3.0,118.67204366629858
21.566352690436567,0.0,5.0,398.4952903565485
22.01917348762981,3.0,2.0,27.019173487629814
25.924914362293755,3.0,3.0,30.924914362293755
21.135655659407725,0.0,5.0,392.03483489111585
22.040476555669667,2.0,5.0,81.12142966700901
18.025528442290547,0.0,1.0,230.25528442290548
18.5806016017376,0.0,3.0,235.806016017376
26.973735814827037,0.0,0.0,479.6060372224055
20.344832612929647,0.0,2.0,253.44832612929648
19.540883015715973,0.0,1.0,245.40883015715974
24.001428139209196,0.0,2.0,290.01428139209196
21.621846549854336,1.0,1.0,133.10923274927168
20.816751478457604,0.0,2.0,258.16751478457604
12.767793596025953,0.0,3.0,177.67793596025953
24.63972581568262,3.0,2.0,29.63972581568262
24.46028817905749,0.0,2.0,294.6028817905749
19.368686249857173,0.0,2.0,243.68686249857174
17.818127889641968,0.0,4.0,250.99940678606168
17.818133170562014,1.0,5.0,171.13599877921513
24.79521260753115,0.0,6.0,595.9042521506229
14.383916704193982,0.0,0.0,290.7587505629097
14.118955701463035,0.0,0.0,286.78433552194554
15.19517491380093,0.0,2.0,201.9517491380093
16.96603921237552,0.0,6.0,439.3207842475104
26.666290990498425,4.0,2.0,0.0
18.688175280766536,0.0,5.0,355.322629211498
21.51465127562638,3.0,0.0,39.77197691343957
16.144071144548775,0.0,6.0,422.8814228909755
18.45156633593365,0.0,1.0,234.5156633593365
14.428780151922819,0.0,6.0,388.5756030384564
21.42382482822671,0.0,5.0,396.3573724234007
17.115992539765273,4.0,0.0,0.0
21.045530673332674,0.0,5.0,390.68296009999017
17.721101565935182,0.0,1.0,227.21101565935183
18.922940344394405,0.0,2.0,239.22940344394405
20.902350216375616,0.0,4.0,284.9258523801318
22.47749938754346,0.0,1.0,274.7749938754346
20.012150948205058,0.0,2.0,250.12150948205058
16.47618245505654,0.0,3.0,214.76182455056542
19.352286910920487,0.0,0.0,365.2843036638073
15.333629229168288,2.0,3.0,40.667258458336576
25.708871278105946,2.0,2.0,61.4177425562119
27.729971847789113,1.0,6.0,327.29971847789113
18.736848828402184,0.0,4.0,261.1053371124241
11.538113718382942,4.0,1.0,0.0
19.88093465117701,0.0,4.0,273.69028116294714
21.981370753280466,0.0,3.0,269.81370753280464
16.178223298774473,0.0,3.0,211.78223298774472
26.327910346982613,0.0,6.0,626.5582069396522
28.451389546658024,0.0,0.0,501.7708431998704
16.78728280424747,0.0,3.0,217.8728280424747
25.811572784543667,2.0,2.0,61.623145569087335
19.572394602777667,0.0,1.0,245.72394602777666
22.97736037168292,1.0,0.0,209.8302027876219
11.970000601300914,0.0,1.0,169.70000601300913
18.423993004628937,0.0,5.0,351.35989506943406
21.3557942832347,1.0,3.0,131.7789714161735
14.204214052338816,0.0,6.0,384.0842810467763
19.127582224792597,0.0,4.0,265.4034044727186
19.632816500827516,0.0,1.0,246.32816500827516
26.171492436714445,0.0,5.0,467.5723865507167
10.343714582480983,0.0,2.0,153.43714582480982
16.363293952104392,0.0,3.0,213.6329395210439
18.73124492364286,1.0,5.0,177.98433692732144
20.537304279066014,0.0,4.0,280.91034706972613
14.185908734719543,0.0,1.0,191.85908734719544
25.337870301458747,1.0,6.0,303.3787030145875
17.422325151970448,0.0,1.0,224.2232515197045
22.303468561106303,0.0,5.0,409.55202841659457
19.92835076354898,0.0,0.0,373.9252614532347
17.015502920836983,0.0,3.0,220.15502920836983
18.919516136785095,0.0,2.0,239.19516136785094
23.54210055562849,0.0,6.0,570.8420111125698
10.49662478015769,1.0,3.0,77.48312390078846
17.791883340851378,0.0,1.0,227.91883340851376
16.729612487619637,0.0,0.0,325.94418731429454
23.98552878462916,0.0,2.0,289.8552878462916
20.616869945384202,0.0,5.0,384.253049180763
19.079302482583355,1.0,2.0,120.39651241291678
20.573025131458763,0.0,2.0,255.73025131458763
19.91765469077646,0.0,3.0,249.1765469077646
23.227730522158545,0.0,2.0,282.27730522158544
20.632741972305325,0.0,5.0,384.4911295845799
17.29768908523327,0.0,1.0,222.9768908523327
18.589378391208793,0.0,1.0,235.89378391208794
13.905301343316843,0.0,1.0,189.05301343316842
21.018577893831818,0.0,3.0,260.1857789383182
21.10000582890466,0.0,6.0,522.0001165780932
24.643653169091664,0.0,0.0,444.654797536375
21.130846575619064,0.0,5.0,391.96269863428597
24.530751014204085,0.0,5.0,442.9612652130613
18.573895036798074,0.0,3.0,235.73895036798075
19.515865900725675,0.0,5.0,367.7379885108851
24.828240668187224,0.0,6.0,596.5648133637444
24.98897716274839,0.0,0.0,449.8346574412259
24.44753845965682,0.0,5.0,441.7130768948523
23.8287121097468,0.0,5.0,432.430681646202
24.575688645078877,0.0,2.0,295.7568864507888
19.943913561734632,1.0,0.0,187.07935171300974
21.29986706334685,0.0,3.0,262.99867063346846
20.845462510177082,0.0,4.0,284.30008761194796
18.409517055584217,1.0,6.0,234.09517055584217
21.280751922970715,3.0,6.0,52.56150384594144
17.139830052214517,0.0,4.0,243.5381305743597
20.48033576899811,3.0,6.0,50.96067153799623
10.344278550820894,0.0,0.0,230.1641782623134
17.651872461237865,0.0,2.0,226.51872461237866
22.847360420463875,0.0,6.0,556.9472084092774
17.83427215347771,0.0,3.0,228.3427215347771
16.347555272934663,0.0,2.0,213.47555272934665
20.215809184503577,1.0,5.0,189.11856888377682
20.453648575743735,0.0,4.0,279.99013433318106
18.631037654350855,0.0,2.0,236.31037654350854
16.85077536327474,0.0,6.0,437.01550726549476
24.92911575960652,0.0,4.0,329.22027335567174
22.595666594553585,0.0,5.0,413.9349989183038
15.665874201033244,1.0,1.0,103.32937100516622
23.81348210493163,0.0,6.0,576.2696420986326
21.332853492554086,1.0,0.0,197.49640119415562
16.898855692329633,0.0,2.0,218.98855692329633
19.063265653818103,0.0,2.0,240.63265653818104
19.174803357704302,0.0,4.0,265.92283693474735
19.445093559259316,0.0,1.0,244.45093559259317
19.72751923439662,1.0,1.0,123.6375961719831
17.873573104329857,1.0,0.0,171.55179828247395
17.557797196476155,1.0,4.0,124.06788458061887
17.84444848371153,0.0,5.0,342.666727255673
19.957717397573074,4.0,5.0,0.0
22.461983391375018,0.0,3.0,274.6198339137502
23.560866875188108,1.0,6.0,285.60866875188105
23.7333958329417,1.0,3.0,143.6669791647085
24.858804279111457,0.0,0.0,447.88206418667187
17.862040893089844,1.0,0.0,171.46530669817383
22.89613061471919,0.0,3.0,278.9613061471919
20.875773589130823,0.0,6.0,517.5154717826165
23.863771260508774,1.0,2.0,144.31885630254385
15.345170380729947,0.0,4.0,223.79687418802942
22.958871291357166,0.0,4.0,307.54758420492885
12.379525195674761,0.0,2.0,173.79525195674762
21.449050757421485,0.0,3.0,264.49050757421486
21.395957354395495,3.0,6.0,52.79191470879099
22.900438019961573,1.0,5.0,209.25328514971181
20.62476021652613,0.0,3.0,256.2476021652613
24.44389672161832,0.0,5.0,441.6584508242748
20.42982018794544,0.0,3.0,254.2982018794544
24.68742483845176,1.0,3.0,148.4371241922588
23.19455612834042,0.0,3.0,281.94556128340423
24.04785207615821,0.0,4.0,319.5263728377403
19.54177641269456,3.0,5.0,36.81266461904184
18.789481505091633,0.0,4.0,261.68429655600795
21.217758110462576,0.0,0.0,393.26637165693865
16.69114503090327,0.0,5.0,325.3671754635491
16.142947860469093,0.0,0.0,317.14421790703636
22.38115554734316,0.0,3.0,273.81155547343155
19.340861413861916,1.0,3.0,121.70430706930958
17.33699429637712,1.0,5.0,167.52745722282842
25.568749655054418,0.0,6.0,611.3749931010884
22.023463345898936,2.0,5.0,81.07039003769682
18.378603784825085,0.0,5.0,350.67905677237627
20.86559918507384,4.0,1.0,0.0
20.798564841446698,0.0,2.0,257.985648414467
26.351098110392662,0.0,2.0,313.5109811039266
15.734099217843625,0.0,1.0,207.34099217843624
19.36126815363509,0.0,5.0,365.4190223045264
25.43043665629957,0.0,2.0,304.3043665629957
21.600243089894335,0.0,5.0,399.003646348415
26.408108167680624,0.0,1.0,314.0810816768062
25.280461145848825,1.0,3.0,151.40230572924412
19.125236851446367,0.0,0.0,361.8785527716955
19.262831270310592,0.0,1.0,242.6283127031059
17.349929748146515,0.0,3.0,223.49929748146513
17.402262768236405,0.0,2.0,224.02262768236403
23.724388653485732,1.0,2.0,143.62194326742866
21.402893070255395,0.0,5.0,396.043396053831
16.155053701334495,0.0,6.0,423.1010740266899
18.172342834403885,0.0,2.0,231.72342834403884
17.0458336789472,2.0,3.0,44.09166735789441
22.92805832606155,0.0,3.0,279.28058326061546
21.932817015703222,1.0,4.0,148.13049358636772
26.19527809522601,2.0,5.0,93.58583428567803
23.805108511346848,0.0,6.0,576.102170226937
19.836008991100144,0.0,4.0,273.1960989021016
18.01254488830906,0.0,1.0,230.1254488830906
22.68001358354592,0.0,6.0,553.6002716709185
22.340944601529753,0.0,5.0,410.11416902294627
14.201653478351947,0.0,4.0,211.21818826187143
20.94565558567085,2.0,2.0,51.891311171341705
15.079823464685052,1.0,5.0,150.5986759851379
19.652795050916584,1.0,3.0,123.26397525458292
22.656431600381165,1.0,3.0,138.28215800190583
16.9794063561,3.0,1.0,21.9794063561
20.183311770660914,0.0,5.0,377.7496765599137
21.770627410186673,0.0,1.0,267.7062741018667
16.05932334011744,1.0,4.0,115.82627837064594
15.749569628578367,0.0,6.0,414.99139257156736
20.957856974372945,0.0,5.0,389.3678546155941
21.212659097630986,0.0,3.0,262.1265909763099
16.572834002800743,0.0,6.0,431.4566800560149
27.067567534408013,2.0,0.0,96.20270260322404
20.426941255827,2.0,2.0,50.85388251165401
22.259693995233693,0.0,0.0,408.8954099285054
17.01270452045535,0.0,4.0,242.13974972500887
19.0088776875379,1.0,4.0,132.04882728145847
17.592586821214482,0.0,1.0,225.92586821214482
23.355059711107884,3.0,0.0,42.53258956666183
20.39740932457238,0.0,0.0,380.9611398685857
17.90721362434404,0.0,6.0,458.14427248688077
20.488142641761655,0.0,4.0,280.36956905937825
20.164313683914838,0.0,5.0,377.4647052587226
20.340402642737413,0.0,0.0,380.1060396410612
15.864547627534456,0.0,2.0,208.64547627534455
20.714749621430233,1.0,4.0,141.4311229178663
30.111018694502174,0.0,5.0,526.6652804175326
22.405881476360364,0.0,1.0,274.05881476360366
25.553375190713663,4.0,4.0,0.0
19.512566520057927,0.0,1.0,245.12566520057928
17.549267866773913,3.0,6.0,45.098535733547834
21.265189712876015,0.0,4.0,288.9170868416362
14.172346571489864,0.0,4.0,210.89581228638852
22.387361843540248,0.0,1.0,273.8736184354025
23.625699833147287,0.0,3.0,286.25699833147286
16.619023026820912,0.0,4.0,237.80925329503006
16.944251990719813,0.0,6.0,438.88503981439624
20.364209637294852,0.0,0.0,380.46314455942274
15.634434478488782,0.0,3.0,206.34434478488782
22.959032113381365,0.0,3.0,279.59032113381363
17.290747386433186,3.0,5.0,33.43612107964978
19.267808194265484,0.0,6.0,485.3561638853097
16.629182277839345,0.0,6.0,432.5836455567869
15.63092779510038,0.0,4.0,226.9402057461042
22.100073879527606,0.0,2.0,271.00073879527605
14.334022675275941,0.0,6.0,386.6804535055188
26.10629803691066,3.0,1.0,31.10629803691066
15.831584524384262,0.0,0.0,312.4737678657639
22.685620262429183,1.0,3.0,138.4281013121459
19.749166413141477,0.0,3.0,247.49166413141478
26.75532503261762,0.0,2.0,317.5532503261762
15.827967642061441,0.0,6.0,416.5593528412288
15.731461668017191,0.0,4.0,228.04607834818913
